name_original;name_custom;dates_min_date;dates_max_date;coords;lon;lat;stadtklima_basel_link
0320024A;St. Johann;2019-08-20T06:56:34+00:00;2023-10-03T08:57:04+00:00;47.56597, 7.58201;7.58201;47.56597;https://meteoblue.com/de/products/cityclimate/basel#0320024A
03400126;Büro - Check Network;2019-06-17T10:17:44+00:00;2022-08-28T07:27:59+00:00;47.363664966, 8.574856635;8.574856635;47.363664966;https://meteoblue.com/de/products/cityclimate/basel#03400126
03400161;Spitalstrasse;2020-04-22T13:58:13+00:00;2023-10-03T09:05:31+00:00;47.56335, 7.58294;7.58294;47.56335;https://meteoblue.com/de/products/cityclimate/basel#03400161
03400163;Langegasse;2019-11-25T08:49:14+00:00;2023-10-03T09:06:57+00:00;47.53955, 7.56728;7.56728;47.53955;https://meteoblue.com/de/products/cityclimate/basel#03400163
0340016A;Areal Wolf (Mast 5);2019-08-14T05:22:04+00:00;2023-10-03T09:02:55+00:00;47.54363, 7.60826;7.60826;47.54363;https://meteoblue.com/de/products/cityclimate/basel#0340016A
0340018F;Areal Wolf (Mast 7);2019-08-14T05:37:08+00:00;2023-10-03T09:00:42+00:00;47.54245, 7.61357;7.61357;47.54245;https://meteoblue.com/de/products/cityclimate/basel#0340018F
0340019A;Gleisbett (Mast 2);2019-10-24T03:54:29+00:00;2023-10-03T09:05:31+00:00;47.54253, 7.60985;7.60985;47.54253;https://meteoblue.com/de/products/cityclimate/basel#0340019A
0340019F;Gleisbett (Mast 1);2019-10-24T05:14:13+00:00;2023-10-03T08:56:12+00:00;47.54212, 7.6135;7.6135;47.54212;https://meteoblue.com/de/products/cityclimate/basel#0340019F
034001A4;Bahnhof SBB;2020-01-03T09:13:53+00:00;2023-10-03T09:06:32+00:00;47.54789, 7.58976;7.58976;47.54789;https://meteoblue.com/de/products/cityclimate/basel#034001A4
034001A6;Areal Wolf (Mast 2);2019-08-14T05:11:25+00:00;2023-10-03T09:06:00+00:00;47.54331, 7.61739;7.61739;47.54331;https://meteoblue.com/de/products/cityclimate/basel#034001A6
03400395;Rheinpromenade 4;2019-10-02T09:24:03+00:00;2023-10-03T08:57:34+00:00;47.57551, 7.58309;7.58309;47.57551;https://meteoblue.com/de/products/cityclimate/basel#03400395
03400397;Lindenplatz;2019-10-03T02:31:17+00:00;2023-10-03T08:04:14+00:00;47.55811, 7.56055;7.56055;47.55811;https://meteoblue.com/de/products/cityclimate/basel#03400397
0340039A;Changed Board;2019-10-02T08:48:06+00:00;2020-08-21T19:06:33+00:00;0.0, 0.0;0.0;0.0;https://meteoblue.com/de/products/cityclimate/basel#0340039A
0340039B;Changed Board;2019-10-03T02:22:25+00:00;2020-08-12T07:33:51+00:00;0.0, 0.0;0.0;0.0;https://meteoblue.com/de/products/cityclimate/basel#0340039B
0340039D;Bottminger Strasse;2019-10-02T09:28:21+00:00;2023-10-03T08:55:58+00:00;47.53058, 7.57343;7.57343;47.53058;https://meteoblue.com/de/products/cityclimate/basel#0340039D
0340039E;Changed Board;2019-10-02T09:43:24+00:00;2020-07-12T07:42:22+00:00;0.0, 7.56045;7.56045;0.0;https://meteoblue.com/de/products/cityclimate/basel#0340039E
034003A7;Rheinpromenade 2;2019-10-02T08:43:52+00:00;2023-10-03T09:09:15+00:00;47.57244, 7.58357;7.58357;47.57244;https://meteoblue.com/de/products/cityclimate/basel#034003A7
034003A9;Changed Board;2019-10-02T09:34:43+00:00;2020-07-28T01:01:41+00:00;0.0, 7.61313;7.61313;0.0;https://meteoblue.com/de/products/cityclimate/basel#034003A9
034003B1;Schulhaus Leonhard 5;2019-10-03T02:47:38+00:00;2023-07-19T09:44:16+00:00;47.55430807981246, 7.586575282307009;7.586575282307009;47.55430807981246;https://meteoblue.com/de/products/cityclimate/basel#034003B1
034003B2;Grenzacherstrasse;2019-10-03T02:25:39+00:00;2023-10-03T08:55:42+00:00;47.55886, 7.60385;7.60385;47.55886;https://meteoblue.com/de/products/cityclimate/basel#034003B2
03409963;Abgehängt;2020-03-18T05:24:21+00:00;2021-11-18T14:48:33+00:00;0.0, 0.0;0.0;0.0;https://meteoblue.com/de/products/cityclimate/basel#03409963
03409964;Schäferrain;2020-03-18T05:32:08+00:00;2023-10-03T09:10:13+00:00;47.49462, 7.62441;7.62441;47.49462;https://meteoblue.com/de/products/cityclimate/basel#03409964
03409965;Claraplatz;2020-03-18T05:42:37+00:00;2023-10-03T08:56:26+00:00;47.56191, 7.59474;7.59474;47.56191;https://meteoblue.com/de/products/cityclimate/basel#03409965
03409967;Changed Board;2020-03-18T07:16:23+00:00;2020-09-03T06:54:17+00:00;0.0, 0.0;0.0;0.0;https://meteoblue.com/de/products/cityclimate/basel#03409967
0340996C;Lysbüchel 1;2020-03-18T06:31:51+00:00;2023-10-03T00:04:45+00:00;47.57355, 7.57355;7.57355;47.57355;https://meteoblue.com/de/products/cityclimate/basel#0340996C
03409971;Allschwilerstrasse;2020-03-18T08:40:47+00:00;2023-10-03T08:21:02+00:00;47.55731, 7.56733;7.56733;47.55731;https://meteoblue.com/de/products/cityclimate/basel#03409971
03409973;Changed Board;2020-03-16T04:40:32+00:00;2020-05-19T16:51:25+00:00;7.623778208407, 7.6706995929728;7.6706995929728;7.623778208407;https://meteoblue.com/de/products/cityclimate/basel#03409973
03409975;Grenzstrasse Mauer;2020-03-16T05:01:14+00:00;2023-10-03T09:09:13+00:00;47.58783, 7.59679;7.59679;47.58783;https://meteoblue.com/de/products/cityclimate/basel#03409975
03409977;Changed Board;2020-03-16T05:15:53+00:00;2020-09-17T06:22:04+00:00;0.0, 0.0;0.0;0.0;https://meteoblue.com/de/products/cityclimate/basel#03409977
0340997D;Changed Board;2020-03-16T07:24:20+00:00;2021-01-07T12:52:05+00:00;0.0, 0.0;0.0;0.0;https://meteoblue.com/de/products/cityclimate/basel#0340997D
0340997E;Colmarerstrasse;2020-03-16T07:15:55+00:00;2023-10-03T08:18:37+00:00;47.593520456894204, 7.594190606521556;7.594190606521556;47.593520456894204;https://meteoblue.com/de/products/cityclimate/basel#0340997E
0340997F;Kohlenstrasse;2020-03-16T06:57:52+00:00;2023-10-03T08:30:31+00:00;47.57612, 7.57353;7.57353;47.57612;https://meteoblue.com/de/products/cityclimate/basel#0340997F
03409981;Büro;2020-03-16T06:25:41+00:00;2022-05-13T04:04:05+00:00;0.0, 0.0;0.0;0.0;https://meteoblue.com/de/products/cityclimate/basel#03409981
03409983;Abgehängt;2020-03-16T08:43:29+00:00;2022-03-26T04:40:55+00:00;0.0, 0.0;0.0;0.0;https://meteoblue.com/de/products/cityclimate/basel#03409983
03409985;Changed Board;2020-03-16T07:53:12+00:00;2020-12-21T13:44:01+00:00;0.0, 0.0;0.0;0.0;https://meteoblue.com/de/products/cityclimate/basel#03409985
03409988;Heuwaage;2020-03-16T08:15:58+00:00;2023-10-03T08:59:12+00:00;47.55095, 7.587;7.587;47.55095;https://meteoblue.com/de/products/cityclimate/basel#03409988
03409989;Gellertstrasse;2020-03-16T11:48:47+00:00;2023-10-03T09:05:18+00:00;47.55199, 7.6091;7.6091;47.55199;https://meteoblue.com/de/products/cityclimate/basel#03409989
0340998B;Abgehängt;2020-03-16T12:06:05+00:00;2021-09-09T21:28:37+00:00;0.0, 0.0;0.0;0.0;https://meteoblue.com/de/products/cityclimate/basel#0340998B
0340998C;Changed Board;2020-03-16T11:29:38+00:00;2021-01-19T18:29:43+00:00;0.0, 0.0;0.0;0.0;https://meteoblue.com/de/products/cityclimate/basel#0340998C
0340998D;Changed Board;2020-03-16T11:15:59+00:00;2020-08-02T14:00:06+00:00;0.0, 7.5981;7.5981;0.0;https://meteoblue.com/de/products/cityclimate/basel#0340998D
03409992;Changed Board;2020-03-17T05:15:13+00:00;2020-07-14T23:43:02+00:00;0.0, 7.58095;7.58095;0.0;https://meteoblue.com/de/products/cityclimate/basel#03409992
03409994;Badischer Bahnhof;2020-03-17T04:36:13+00:00;2023-10-03T09:08:15+00:00;47.56586, 7.60742;7.60742;47.56586;https://meteoblue.com/de/products/cityclimate/basel#03409994
03409995;Abgehängt - Emanuel Büchel Strasse;2020-03-16T09:34:38+00:00;2022-06-30T19:14:52+00:00;0.0, 0.0;0.0;0.0;https://meteoblue.com/de/products/cityclimate/basel#03409995
03409999;Changed Board;2020-03-16T08:49:39+00:00;2021-01-13T04:29:39+00:00;0.0, 0.0;0.0;0.0;https://meteoblue.com/de/products/cityclimate/basel#03409999
0340999A;Aeussere Baselstrasse;2020-03-16T09:14:48+00:00;2023-10-03T09:07:55+00:00;47.58023, 7.64115;7.64115;47.58023;https://meteoblue.com/de/products/cityclimate/basel#0340999A
0340999C;St. Jakobsstrasse;2020-03-16T09:52:44+00:00;2023-10-03T08:44:28+00:00;47.54029, 7.62197;7.62197;47.54029;https://meteoblue.com/de/products/cityclimate/basel#0340999C
0340999E;Abgehängt;2020-03-16T11:07:43+00:00;2021-06-15T12:12:00+00:00;0.0, 0.0;0.0;0.0;https://meteoblue.com/de/products/cityclimate/basel#0340999E
034099A0;Rheinpromenade 1;2020-03-16T10:47:22+00:00;2023-10-03T09:06:18+00:00;47.57121, 7.58329;7.58329;47.57121;https://meteoblue.com/de/products/cityclimate/basel#034099A0
034099A3;Münchensteinstrasse;2020-03-17T05:56:52+00:00;2023-10-03T09:02:18+00:00;47.53936, 7.60646;7.60646;47.53936;https://meteoblue.com/de/products/cityclimate/basel#034099A3
034099A4;Changed Board;2020-03-17T05:30:15+00:00;2020-09-16T12:17:16+00:00;0.0, 7.61745;7.61745;0.0;https://meteoblue.com/de/products/cityclimate/basel#034099A4
034099A8;Sandweg;2020-03-17T06:43:39+00:00;2023-10-03T08:23:00+00:00;47.55277, 7.55328;7.55328;47.55277;https://meteoblue.com/de/products/cityclimate/basel#034099A8
034099AE;Freiburgerstrasse;2020-03-17T07:15:08+00:00;2023-10-03T09:04:39+00:00;47.57565, 7.60161;7.60161;47.57565;https://meteoblue.com/de/products/cityclimate/basel#034099AE
034099B1;Changed Board;2020-03-17T08:07:05+00:00;2020-11-05T12:06:53+00:00;47.54866, 0.0;0.0;47.54866;https://meteoblue.com/de/products/cityclimate/basel#034099B1
034099B3;Maulbeerstrasse;2020-03-17T08:55:10+00:00;2023-09-15T19:59:48+00:00;47.56705, 7.60092;7.60092;47.56705;https://meteoblue.com/de/products/cityclimate/basel#034099B3
034099B4;Abgehängt;2020-03-17T08:48:50+00:00;2021-04-02T11:11:35+00:00;0.0, 0.0;0.0;0.0;https://meteoblue.com/de/products/cityclimate/basel#034099B4
034099B6;Hirzbodenweg;2020-03-17T10:41:09+00:00;2023-10-03T08:48:27+00:00;47.54885, 7.60768;7.60768;47.54885;https://meteoblue.com/de/products/cityclimate/basel#034099B6
034099BE;Wilhelm-Klein-Strasse;2020-03-18T11:04:20+00:00;2023-10-03T09:09:05+00:00;47.56991, 7.56761;7.56761;47.56991;https://meteoblue.com/de/products/cityclimate/basel#034099BE
034099C0;Horburgstrasse;2020-03-18T09:14:03+00:00;2023-10-03T08:59:06+00:00;47.57082, 7.59273;7.59273;47.57082;https://meteoblue.com/de/products/cityclimate/basel#034099C0
03409FED;Tannenstrasse;2020-04-27T03:41:37+00:00;2023-10-03T08:55:36+00:00;47.51797, 7.61306;7.61306;47.51797;https://meteoblue.com/de/products/cityclimate/basel#03409FED
03409FF0;Changed Board;2020-04-27T04:30:34+00:00;2021-01-29T07:59:50+00:00;0.0, 0.0;0.0;0.0;https://meteoblue.com/de/products/cityclimate/basel#03409FF0
03409FF3;Im Wannenboden;2020-04-27T05:40:40+00:00;2023-10-03T09:04:06+00:00;47.52331, 7.71486;7.71486;47.52331;https://meteoblue.com/de/products/cityclimate/basel#03409FF3
03409FF7;Changed Board;2020-04-27T06:22:23+00:00;2021-03-18T06:08:45+00:00;0.0, 0.0;0.0;0.0;https://meteoblue.com/de/products/cityclimate/basel#03409FF7
03409FF9;Changed Board;2020-04-27T06:42:48+00:00;2020-11-16T11:36:36+00:00;47.544586786421, 0.0;0.0;47.544586786421;https://meteoblue.com/de/products/cityclimate/basel#03409FF9
03409FFA;Changed Board;2020-04-27T07:29:23+00:00;2020-11-16T06:08:32+00:00;47.52227, 0.0;0.0;47.52227;https://meteoblue.com/de/products/cityclimate/basel#03409FFA
03409FFC;Erlenmatt 2;2020-04-27T07:09:41+00:00;2023-10-03T08:41:54+00:00;47.56959, 7.60312;7.60312;47.56959;https://meteoblue.com/de/products/cityclimate/basel#03409FFC
0340A000;Brünnlinrain (Schild);2020-04-27T08:10:13+00:00;2023-10-03T08:57:21+00:00;47.59263, 7.65389;7.65389;47.59263;https://meteoblue.com/de/products/cityclimate/basel#0340A000
0340A001;Alte Straße;2020-04-27T08:16:30+00:00;2023-10-03T08:31:44+00:00;47.5994809271, 7.5985499475578;7.5985499475578;47.5994809271;https://meteoblue.com/de/products/cityclimate/basel#0340A001
0340A006;Büro - testen;2020-04-27T09:18:47+00:00;2022-05-30T04:19:56+00:00;0.0, 0.0;0.0;0.0;https://meteoblue.com/de/products/cityclimate/basel#0340A006
0340A008;Changed Board;2020-04-28T02:23:18+00:00;2020-11-07T01:37:09+00:00;47.54584, 0.0;0.0;47.54584;https://meteoblue.com/de/products/cityclimate/basel#0340A008
0340A009;Aliothstrasse;2020-04-28T02:31:48+00:00;2023-04-15T07:42:06+00:00;47.513, 7.61627;7.61627;47.513;https://meteoblue.com/de/products/cityclimate/basel#0340A009
0340A010;Mittlere Brücke;2020-04-28T04:17:51+00:00;2023-10-03T09:02:15+00:00;47.56024, 7.59016;7.59016;47.56024;https://meteoblue.com/de/products/cityclimate/basel#0340A010
0340A013;Changed Board;2020-04-28T05:29:59+00:00;2020-11-16T18:25:01+00:00;47.549739152969, 0.0;0.0;47.549739152969;https://meteoblue.com/de/products/cityclimate/basel#0340A013
0340A014;Changed Board;2020-04-28T05:41:13+00:00;2020-05-16T05:14:29+00:00;47.615889, 8.6506304;8.6506304;47.615889;https://meteoblue.com/de/products/cityclimate/basel#0340A014
0340A016;Zwingerstrasse;2020-04-28T06:31:31+00:00;2023-10-03T08:59:48+00:00;47.54443, 7.59349;7.59349;47.54443;https://meteoblue.com/de/products/cityclimate/basel#0340A016
0340A0D8;Changed Board;2020-04-28T07:47:46+00:00;2020-11-27T16:44:03+00:00;47.54537, 0.0;0.0;47.54537;https://meteoblue.com/de/products/cityclimate/basel#0340A0D8
0340AD75;Büro;2020-07-31T08:49:56+00:00;2022-03-29T20:00:17+00:00;47.0707, 15.4395;15.4395;47.0707;https://meteoblue.com/de/products/cityclimate/basel#0340AD75
0340AD77;Freiburgerstraße;2020-07-31T08:54:55+00:00;2023-10-03T09:01:18+00:00;47.631697010124, 7.6580963400649;7.6580963400649;47.631697010124;https://meteoblue.com/de/products/cityclimate/basel#0340AD77
0340AD7D;Bäumlihofstrasse;2020-07-31T09:09:56+00:00;2023-10-03T08:31:07+00:00;47.56967, 7.62723;7.62723;47.56967;https://meteoblue.com/de/products/cityclimate/basel#0340AD7D
0340AD7E;Erlenmatt 4;2020-07-31T09:12:15+00:00;2023-10-03T09:02:03+00:00;47.57016, 7.60209;7.60209;47.57016;https://meteoblue.com/de/products/cityclimate/basel#0340AD7E
0340AD86;Büro;2020-07-31T09:58:56+00:00;2023-01-14T23:00:56+00:00;0.0, 0.0;0.0;0.0;https://meteoblue.com/de/products/cityclimate/basel#0340AD86
0340AD88;Münsterplatz;2020-07-31T10:03:14+00:00;2023-10-03T09:04:55+00:00;47.55585, 7.59151;7.59151;47.55585;https://meteoblue.com/de/products/cityclimate/basel#0340AD88
0340AD8A;Changed Board;2020-07-31T10:44:14+00:00;2021-04-09T14:10:24+00:00;0.0, 0.0;0.0;0.0;https://meteoblue.com/de/products/cityclimate/basel#0340AD8A
0340AD90;Bruderholzallee;2020-07-31T11:00:52+00:00;2023-10-03T00:08:39+00:00;47.53339, 7.59686;7.59686;47.53339;https://meteoblue.com/de/products/cityclimate/basel#0340AD90
0340AD92;Oscar Frey-Strasse;2020-07-31T11:05:07+00:00;2023-01-21T10:46:25+00:00;47.52929, 7.58641;7.58641;47.52929;https://meteoblue.com/de/products/cityclimate/basel#0340AD92
0340AD94;Gundeldingerstrasse 1;2020-07-31T11:08:37+00:00;2023-10-03T09:07:49+00:00;47.54323, 7.58335;7.58335;47.54323;https://meteoblue.com/de/products/cityclimate/basel#0340AD94
0340AD95;Rosentalstrasse;2020-07-31T11:10:23+00:00;2023-10-03T08:51:25+00:00;47.56469, 7.60349;7.60349;47.56469;https://meteoblue.com/de/products/cityclimate/basel#0340AD95
0340AD9E;Rue Philippe Kieffer;2020-07-31T12:02:16+00:00;2023-10-03T09:09:15+00:00;47.580795, 7.568456;7.568456;47.580795;https://meteoblue.com/de/products/cityclimate/basel#0340AD9E
0340D1F4;Messeplatz;2021-06-09T09:40:26+00:00;2023-10-03T09:07:43+00:00;47.56316, 7.59957;7.59957;47.56316;https://meteoblue.com/de/products/cityclimate/basel#0340D1F4
0340D1FA;15;2021-06-09T09:48:23+00:00;2023-08-02T11:05:57+00:00;47.383618173116815, 8.546383451938633;8.546383451938633;47.383618173116815;https://meteoblue.com/de/products/cityclimate/basel#0340D1FA
0340D1FC;Birsstegweg;2021-06-10T02:09:51+00:00;2023-09-28T14:36:34+00:00;47.552641, 7.621516;7.621516;47.552641;https://meteoblue.com/de/products/cityclimate/basel#0340D1FC
0340F2EB;Paul-Sacher-Anlage;2022-05-18T09:10:42+00:00;2023-10-03T08:02:08+00:00;47.55915, 7.60913;7.60913;47.55915;https://meteoblue.com/de/products/cityclimate/basel#0340F2EB
0340F2F0;Auf der Wacht;2022-05-18T09:42:51+00:00;2023-04-18T07:10:03+00:00;47.52143, 7.55981;7.55981;47.52143;https://meteoblue.com/de/products/cityclimate/basel#0340F2F0
0340F2F1;Käppelestraße;2022-05-18T09:48:03+00:00;2023-06-05T07:32:48+00:00;47.602342034899, 7.6548993702183;7.6548993702183;47.602342034899;https://meteoblue.com/de/products/cityclimate/basel#0340F2F1
0340F2F2;Zürcher Strasse;2022-05-18T09:53:53+00:00;2023-06-20T20:55:51+00:00;47.55279, 7.6053;7.6053;47.55279;https://meteoblue.com/de/products/cityclimate/basel#0340F2F2
0340F2F4;St. Alban Anlage;2022-05-18T10:04:43+00:00;2023-10-03T08:55:58+00:00;47.55183, 7.5981;7.5981;47.55183;https://meteoblue.com/de/products/cityclimate/basel#0340F2F4
0340F2F6;Hüningerstrasse;2022-05-18T10:15:28+00:00;2023-10-03T08:58:48+00:00;47.57124, 7.57492;7.57492;47.57124;https://meteoblue.com/de/products/cityclimate/basel#0340F2F6
0340F2F7;Erlenmatt 1;2022-05-18T10:20:26+00:00;2023-10-03T08:59:40+00:00;47.56918, 7.60257;7.60257;47.56918;https://meteoblue.com/de/products/cityclimate/basel#0340F2F7
03A0B2CB;Weissenstein (Jura);1999-12-31T23:15:00+00:00;2021-04-28T03:00:00+00:00;47.253517, 7.50797;7.50797;47.253517;https://meteoblue.com/de/products/cityclimate/basel#03A0B2CB
03400150;Feldbergstrasse;2019-07-24T09:29:38+00:00;2023-10-03T09:02:59+00:00;47.567028810383, 7.5947387754631;7.5947387754631;47.567028810383;https://meteoblue.com/de/products/cityclimate/basel#03400150
03400168;Schweizerhalle;2019-10-07T05:43:11+00:00;2023-07-08T02:25:41+00:00;47.53086, 7.66182;7.66182;47.53086;https://meteoblue.com/de/products/cityclimate/basel#03400168
0340016D;Binningen;2019-10-30T14:56:13+00:00;2023-08-04T09:08:07+00:00;47.54101, 7.58367;7.58367;47.54101;https://meteoblue.com/de/products/cityclimate/basel#0340016D
03400170;A2 Hard;2019-10-07T04:29:18+00:00;2023-06-14T12:31:40+00:00;47.53808, 7.64898;7.64898;47.53808;https://meteoblue.com/de/products/cityclimate/basel#03400170
03400188;A2 Hard;2019-08-13T13:06:51+00:00;2023-06-14T12:58:42+00:00;47.53808, 7.64898;7.64898;47.53808;https://meteoblue.com/de/products/cityclimate/basel#03400188
03400189;Areal Wolf (Mast 3);2019-08-14T05:50:55+00:00;2023-10-03T08:58:15+00:00;47.54531, 7.61225;7.61225;47.54531;https://meteoblue.com/de/products/cityclimate/basel#03400189
0340019D;Gleisbett (Mast 3);2019-10-24T04:04:47+00:00;2023-10-03T09:02:05+00:00;47.54192, 7.60833;7.60833;47.54192;https://meteoblue.com/de/products/cityclimate/basel#0340019D
034001A5;Büro;2020-02-07T08:56:28+00:00;2023-10-03T09:09:45+00:00;47.56191844201147, 7.5947413702010635;7.5947413702010635;47.56191844201147;https://meteoblue.com/de/products/cityclimate/basel#034001A5
034001A7;Schulhaus Leonhard 4;2019-10-25T04:51:42+00:00;2023-10-03T08:56:19+00:00;47.55445323222687, 7.586700005026201;7.586700005026201;47.55445323222687;https://meteoblue.com/de/products/cityclimate/basel#034001A7
034001A9;Tüllingerstraße;2020-01-03T13:35:57+00:00;2023-10-03T09:09:03+00:00;47.615889, 7.6506304;7.6506304;47.615889;https://meteoblue.com/de/products/cityclimate/basel#034001A9
034001AA;Mast 5 (Gleisbett);2019-10-23T13:24:48+00:00;2023-10-03T09:07:47+00:00;47.5428, 7.60326;7.60326;47.5428;https://meteoblue.com/de/products/cityclimate/basel#034001AA
034001AF;St. Johann;2019-08-13T12:38:50+00:00;2023-10-03T08:58:32+00:00;47.56597, 7.58201;7.58201;47.56597;https://meteoblue.com/de/products/cityclimate/basel#034001AF
03400393;Changed Board;2019-10-03T03:00:31+00:00;2020-11-08T11:09:49+00:00;47.54903, 0.0;0.0;47.54903;https://meteoblue.com/de/products/cityclimate/basel#03400393
0340039C;Changed Board;2019-10-03T02:14:42+00:00;2020-09-02T14:45:30+00:00;0.0, 7.52312;7.52312;0.0;https://meteoblue.com/de/products/cityclimate/basel#0340039C
0340039F;Changed Board;2019-10-02T09:50:51+00:00;2020-07-16T12:56:44+00:00;0.0, 0.0;0.0;0.0;https://meteoblue.com/de/products/cityclimate/basel#0340039F
034003A3;Changed Board;2019-10-03T02:42:09+00:00;2020-04-26T12:46:10+00:00;0.0, 7.58304;7.58304;0.0;https://meteoblue.com/de/products/cityclimate/basel#034003A3
034003A5;Changed Board;2019-10-03T03:02:56+00:00;2020-09-28T08:20:23+00:00;0.0, 7.56093;7.56093;0.0;https://meteoblue.com/de/products/cityclimate/basel#034003A5
034003A8;Dürenmattweg;2019-10-03T02:57:49+00:00;2023-10-03T08:21:31+00:00;47.55301, 7.54789;7.54789;47.55301;https://meteoblue.com/de/products/cityclimate/basel#034003A8
034003AA;Falkensteinerstrasse;2019-10-02T09:31:11+00:00;2023-10-03T09:00:41+00:00;47.53934, 7.60146;7.60146;47.53934;https://meteoblue.com/de/products/cityclimate/basel#034003AA
034003AB;Avenue General de Gaulle;2019-10-03T02:09:49+00:00;2023-10-03T09:04:02+00:00;47.581168, 7.553681;7.553681;47.581168;https://meteoblue.com/de/products/cityclimate/basel#034003AB
034003AE;Schulhaus Leonhard 2;2019-10-03T02:17:37+00:00;2023-10-03T09:06:27+00:00;47.5544591200586, 7.586940062736751;7.586940062736751;47.5544591200586;https://meteoblue.com/de/products/cityclimate/basel#034003AE
03409968;Lysbüchel 2;2020-03-18T07:39:18+00:00;2023-10-03T09:02:39+00:00;47.57349, 7.57361;7.57361;47.57349;https://meteoblue.com/de/products/cityclimate/basel#03409968
03409969;Changed Board;2020-03-18T06:41:15+00:00;2020-06-14T02:45:50+00:00;0.0, 7.57419;7.57419;0.0;https://meteoblue.com/de/products/cityclimate/basel#03409969
0340996A;Bahnweg;2020-03-18T06:21:42+00:00;2023-10-03T09:03:45+00:00;47.58915311, 7.622005925;7.622005925;47.58915311;https://meteoblue.com/de/products/cityclimate/basel#0340996A
0340996F;Moosackerweg;2020-03-18T08:32:55+00:00;2023-10-03T09:03:35+00:00;47.45687, 7.59547;7.59547;47.45687;https://meteoblue.com/de/products/cityclimate/basel#0340996F
03409979;Lindenplatz;2020-03-16T06:03:32+00:00;2023-10-03T09:04:00+00:00;47.599864776505, 7.6402565206538;7.6402565206538;47.599864776505;https://meteoblue.com/de/products/cityclimate/basel#03409979
03409980;Büro;2020-03-16T06:46:51+00:00;2022-04-27T02:37:18+00:00;0.0, 0.0;0.0;0.0;https://meteoblue.com/de/products/cityclimate/basel#03409980
03409984;Brüglingerstrasse;2020-03-16T08:10:46+00:00;2023-09-29T04:23:11+00:00;47.54, 7.61556;7.61556;47.54;https://meteoblue.com/de/products/cityclimate/basel#03409984
03409987;Kraftwerkinsel;2020-03-16T07:42:06+00:00;2023-10-02T18:35:32+00:00;47.55939, 7.63502;7.63502;47.55939;https://meteoblue.com/de/products/cityclimate/basel#03409987
0340998F;Changed Board;2020-03-17T04:24:26+00:00;2020-11-16T15:11:24+00:00;47.48614, 0.0;0.0;47.48614;https://meteoblue.com/de/products/cityclimate/basel#0340998F
03409990;Georges-Köhler-Straße;2020-03-17T04:09:48+00:00;2023-10-03T08:30:11+00:00;47.610674968339, 7.656698461915;7.656698461915;47.610674968339;https://meteoblue.com/de/products/cityclimate/basel#03409990
03409991;Changed Board;2020-03-17T03:53:22+00:00;2020-10-12T08:36:32+00:00;47.56598, 0.0;0.0;47.56598;https://meteoblue.com/de/products/cityclimate/basel#03409991
03409996;Abgehängt - vorher Dorenbachviadukt;2020-03-16T09:26:00+00:00;2022-05-19T01:16:45+00:00;0.0, 0.0;0.0;0.0;https://meteoblue.com/de/products/cityclimate/basel#03409996
03409998;Jupiterstrasse;2020-03-16T09:07:05+00:00;2023-10-03T09:02:59+00:00;47.51277, 7.60078;7.60078;47.51277;https://meteoblue.com/de/products/cityclimate/basel#03409998
034099A2;Hangelimattweg;2020-03-17T06:34:43+00:00;2023-09-08T08:40:39+00:00;47.45859, 7.57834;7.57834;47.45859;https://meteoblue.com/de/products/cityclimate/basel#034099A2
034099A6;Changed Board;2020-03-17T05:37:13+00:00;2021-04-16T14:35:52+00:00;0.0, 0.0;0.0;0.0;https://meteoblue.com/de/products/cityclimate/basel#034099A6
034099AA;Büro;2020-03-17T06:55:44+00:00;2023-07-01T08:16:53+00:00;0.0, 0.0;0.0;0.0;https://meteoblue.com/de/products/cityclimate/basel#034099AA
034099AB;Ahornstrasse;2020-03-17T07:33:10+00:00;2023-10-03T09:09:30+00:00;47.557275, 7.57464;7.57464;47.557275;https://meteoblue.com/de/products/cityclimate/basel#034099AB
034099AD;Changed Board;2020-03-17T07:50:07+00:00;2020-08-15T01:04:07+00:00;0.0, 0.0;0.0;0.0;https://meteoblue.com/de/products/cityclimate/basel#034099AD
034099B0;Dorneckstrasse;2020-03-17T08:19:26+00:00;2023-10-03T09:08:12+00:00;47.48164, 7.61958;7.61958;47.48164;https://meteoblue.com/de/products/cityclimate/basel#034099B0
034099B5;Changed Board;2020-03-17T09:32:44+00:00;2020-05-12T09:03:01+00:00;47.57084, 0.0;0.0;47.57084;https://meteoblue.com/de/products/cityclimate/basel#034099B5
034099B7;Büro;2020-03-17T10:18:08+00:00;2023-05-02T09:39:26+00:00;0.0, 0.0;0.0;0.0;https://meteoblue.com/de/products/cityclimate/basel#034099B7
034099B8;Marktplatz 2;2020-03-18T10:19:19+00:00;2023-07-31T20:10:06+00:00;47.5586, 7.58716;7.58716;47.5586;https://meteoblue.com/de/products/cityclimate/basel#034099B8
034099B9;Brünnlirain (Laterne);2020-03-17T09:52:38+00:00;2023-09-11T15:07:36+00:00;47.59267, 7.65379;7.65379;47.59267;https://meteoblue.com/de/products/cityclimate/basel#034099B9
034099BA;Changed Board;2020-03-17T11:12:00+00:00;2020-11-18T11:34:37+00:00;0.0, 7.6272;7.6272;0.0;https://meteoblue.com/de/products/cityclimate/basel#034099BA
034099BF;Changed Board;2020-03-18T10:37:30+00:00;2020-11-24T04:14:44+00:00;0.0, 7.58711;7.58711;0.0;https://meteoblue.com/de/products/cityclimate/basel#034099BF
034099C1;Hafenstrasse;2020-03-18T11:28:20+00:00;2023-10-03T09:04:58+00:00;47.55646, 7.63747;7.63747;47.55646;https://meteoblue.com/de/products/cityclimate/basel#034099C1
034099C2;Changed Board;2020-03-18T11:21:28+00:00;2020-10-22T14:39:13+00:00;47.52929, 0.0;0.0;47.52929;https://meteoblue.com/de/products/cityclimate/basel#034099C2
034099CA;Changed Board;2020-03-18T09:54:48+00:00;2020-09-16T09:12:05+00:00;0.0, 7.57959;7.57959;0.0;https://meteoblue.com/de/products/cityclimate/basel#034099CA
03409FEB;Büro;2020-04-27T03:22:11+00:00;2021-01-10T17:50:15+00:00;0.0, 0.0;0.0;0.0;https://meteoblue.com/de/products/cityclimate/basel#03409FEB
03409FEC;Baselmattweg;2020-04-27T03:33:07+00:00;2023-10-03T09:04:49+00:00;47.55765, 7.55436;7.55436;47.55765;https://meteoblue.com/de/products/cityclimate/basel#03409FEC
03409FEE;Changed Board;2020-04-27T04:12:37+00:00;2020-09-16T11:40:16+00:00;0.0, 7.60112;7.60112;0.0;https://meteoblue.com/de/products/cityclimate/basel#03409FEE
03409FEF;Hauptstraße;2020-04-27T04:21:55+00:00;2023-10-03T06:47:06+00:00;47.592609307299, 7.6097220186571;7.6097220186571;47.592609307299;https://meteoblue.com/de/products/cityclimate/basel#03409FEF
03409FF1;Changed Board;2020-04-27T04:38:31+00:00;2020-08-01T05:18:10+00:00;47.52551, 0.0;0.0;47.52551;https://meteoblue.com/de/products/cityclimate/basel#03409FF1
03409FF4;Changed Board;2020-04-27T05:47:32+00:00;2020-11-16T15:12:39+00:00;47.623778208407, 0.0;0.0;47.623778208407;https://meteoblue.com/de/products/cityclimate/basel#03409FF4
03409FF5;Schulhaus Leonhard 1;2020-04-27T06:09:37+00:00;2023-09-10T22:29:40+00:00;47.55426882564439, 7.587061071824798;7.587061071824798;47.55426882564439;https://meteoblue.com/de/products/cityclimate/basel#03409FF5
03409FF8;Westquaistrasse;2020-04-27T06:31:36+00:00;2023-10-03T08:57:05+00:00;47.58648, 7.58861;7.58861;47.58648;https://meteoblue.com/de/products/cityclimate/basel#03409FF8
03409FFB;Changed Board;2020-04-27T07:19:54+00:00;2020-11-16T10:30:14+00:00;47.53159, 0.0;0.0;47.53159;https://meteoblue.com/de/products/cityclimate/basel#03409FFB
03409FFD;Birsstrasse (BS);2020-04-27T07:38:40+00:00;2023-10-03T08:48:54+00:00;47.54487, 7.6221;7.6221;47.54487;https://meteoblue.com/de/products/cityclimate/basel#03409FFD
0340A002;Benkenstrasse;2020-04-27T08:29:04+00:00;2023-10-03T08:58:22+00:00;47.54863, 7.5737;7.5737;47.54863;https://meteoblue.com/de/products/cityclimate/basel#0340A002
0340A003;Changed Board;2020-04-27T08:39:14+00:00;2020-12-29T07:29:32+00:00;0.0, 0.0;0.0;0.0;https://meteoblue.com/de/products/cityclimate/basel#0340A003
0340A007;Changed Board;2020-04-28T02:01:36+00:00;2021-03-25T20:05:00+00:00;0.0, 0.0;0.0;0.0;https://meteoblue.com/de/products/cityclimate/basel#0340A007
0340A00F;Büro;2020-04-28T04:05:44+00:00;2023-04-27T06:16:47+00:00;47.56918, 7.60257;7.60257;47.56918;https://meteoblue.com/de/products/cityclimate/basel#0340A00F
0340A011;Laupenring;2020-04-28T04:25:30+00:00;2023-10-03T08:11:15+00:00;47.548, 7.56738;7.56738;47.548;https://meteoblue.com/de/products/cityclimate/basel#0340A011
0340A012;Parkplatz Lindweg;2020-04-28T04:46:29+00:00;2023-10-03T09:02:32+00:00;47.538093013840054, 7.692281241792607;7.692281241792607;47.538093013840054;https://meteoblue.com/de/products/cityclimate/basel#0340A012
0340A015;Changed Board;2020-04-28T06:24:18+00:00;2020-09-02T01:21:09+00:00;0.0, 7.58676;7.58676;0.0;https://meteoblue.com/de/products/cityclimate/basel#0340A015
0340A017;Changed Board;2020-04-28T06:40:47+00:00;2020-10-18T05:07:22+00:00;47.55355, 0.0;0.0;47.55355;https://meteoblue.com/de/products/cityclimate/basel#0340A017
0340A0D4;Changed Board;2020-04-28T06:48:21+00:00;2020-11-16T12:12:17+00:00;47.56322039177, 0.0;0.0;47.56322039177;https://meteoblue.com/de/products/cityclimate/basel#0340A0D4
0340A0D6;Schulstraße;2020-04-28T07:23:11+00:00;2023-10-03T01:36:14+00:00;47.551932184834, 7.6603812186841;7.6603812186841;47.551932184834;https://meteoblue.com/de/products/cityclimate/basel#0340A0D6
0340AD76;Schulhaus Leonhard 3;2020-07-31T08:52:43+00:00;2023-10-03T08:47:57+00:00;47.55450059221969, 7.586867643089632;7.586867643089632;47.55450059221969;https://meteoblue.com/de/products/cityclimate/basel#0340AD76
0340AD7C;Lärchengartenstrasse;2020-07-31T09:07:46+00:00;2023-10-03T09:00:58+00:00;47.55355, 7.62687;7.62687;47.55355;https://meteoblue.com/de/products/cityclimate/basel#0340AD7C
0340AD80;Changed Board;2020-07-31T09:43:09+00:00;2020-11-12T01:29:35+00:00;0.0, 0.0;0.0;0.0;https://meteoblue.com/de/products/cityclimate/basel#0340AD80
0340AD82;Langenhagstrasse;2020-07-31T09:49:20+00:00;2023-10-03T08:49:04+00:00;47.55253, 7.64134;7.64134;47.55253;https://meteoblue.com/de/products/cityclimate/basel#0340AD82
0340AD83;Büro;2020-07-31T09:51:44+00:00;2023-04-25T11:59:20+00:00;0.0, 0.0;0.0;0.0;https://meteoblue.com/de/products/cityclimate/basel#0340AD83
0340AD84;Kornhausgasse;2020-07-31T09:53:59+00:00;2023-10-03T09:07:43+00:00;47.55607, 7.58304;7.58304;47.55607;https://meteoblue.com/de/products/cityclimate/basel#0340AD84
0340AD87;Steingasse;2020-07-31T10:00:58+00:00;2023-10-03T08:59:29+00:00;47.594049365313, 7.638298944054;7.638298944054;47.594049365313;https://meteoblue.com/de/products/cityclimate/basel#0340AD87
0340AD89;Unterer Rheinweg 82;2020-07-31T10:41:54+00:00;2023-10-03T08:47:21+00:00;47.56598, 7.58689;7.58689;47.56598;https://meteoblue.com/de/products/cityclimate/basel#0340AD89
0340AD8B;Klingelbergstrasse;2020-07-31T10:46:37+00:00;2023-10-03T08:57:24+00:00;47.56157, 7.58068;7.58068;47.56157;https://meteoblue.com/de/products/cityclimate/basel#0340AD8B
0340AD8C;Unterer Rheinweg;2020-07-31T10:48:53+00:00;2023-07-12T01:27:28+00:00;47.56907, 7.58649;7.58649;47.56907;https://meteoblue.com/de/products/cityclimate/basel#0340AD8C
0340AD8F;Gundeldingerstrasse 2;2020-07-31T10:58:28+00:00;2023-10-03T09:07:54+00:00;47.54242, 7.58573;7.58573;47.54242;https://meteoblue.com/de/products/cityclimate/basel#0340AD8F
0340AD9C;Abgehängt;2020-07-31T11:52:10+00:00;2023-03-24T10:10:47+00:00;0.0, 0.0;0.0;0.0;https://meteoblue.com/de/products/cityclimate/basel#0340AD9C
0340AD9F;Lysbüchel 3;2020-07-31T12:04:20+00:00;2023-10-03T09:10:11+00:00;47.57342, 7.57367;7.57367;47.57342;https://meteoblue.com/de/products/cityclimate/basel#0340AD9F
0340ADA1;Grenzstrasse Mast;2020-07-31T12:09:01+00:00;2023-10-03T09:07:04+00:00;47.587792, 7.597262;7.597262;47.587792;https://meteoblue.com/de/products/cityclimate/basel#0340ADA1
0340D1EB;Brändelistalweg;2021-06-10T02:05:24+00:00;2023-10-03T03:28:03+00:00;47.52232, 7.58676;7.58676;47.52232;https://meteoblue.com/de/products/cityclimate/basel#0340D1EB
0340D1EE;Klusstrasse;2021-06-09T10:19:10+00:00;2023-10-03T07:52:19+00:00;47.46801, 7.59001;7.59001;47.46801;https://meteoblue.com/de/products/cityclimate/basel#0340D1EE
0340D1EF;Lindenplatz (Park);2021-06-10T02:25:30+00:00;2023-10-03T09:05:49+00:00;47.558, 7.56024;7.56024;47.558;https://meteoblue.com/de/products/cityclimate/basel#0340D1EF
0340D1F3;Niederfeldstrasse;2021-06-10T02:13:01+00:00;2023-04-26T09:04:30+00:00;47.53074, 7.67954;7.67954;47.53074;https://meteoblue.com/de/products/cityclimate/basel#0340D1F3
0340D1F5;10;2021-06-10T02:00:20+00:00;2021-06-10T02:00:20+00:00;47.49691, 8.73536;8.73536;47.49691;https://meteoblue.com/de/products/cityclimate/basel#0340D1F5
0340D1F8;Schützenstrasse;2021-06-09T09:37:27+00:00;2023-10-03T08:14:36+00:00;47.52154, 7.57335;7.57335;47.52154;https://meteoblue.com/de/products/cityclimate/basel#0340D1F8
0340E56B;Büro;2021-12-21T11:24:01+00:00;2022-04-27T04:38:13+00:00;0.0, 0.0;0.0;0.0;https://meteoblue.com/de/products/cityclimate/basel#0340E56B
0340F2E9;Büro_New_10;2022-05-18T08:27:09+00:00;2022-06-29T03:08:37+00:00;47.0707, 15.4395;15.4395;47.0707;https://meteoblue.com/de/products/cityclimate/basel#0340F2E9
0340F2EC;Büro_New_5;2022-05-18T09:19:34+00:00;2022-06-29T03:33:41+00:00;47.0707, 15.4395;15.4395;47.0707;https://meteoblue.com/de/products/cityclimate/basel#0340F2EC
0340F2EE;Breite;2022-05-18T09:32:46+00:00;2023-09-05T11:49:31+00:00;47.55579, 7.61545;7.61545;47.55579;https://meteoblue.com/de/products/cityclimate/basel#0340F2EE
0340F2F5;Altrheinweg;2022-05-18T10:10:14+00:00;2023-10-03T09:04:46+00:00;47.5737, 7.58727;7.58727;47.5737;https://meteoblue.com/de/products/cityclimate/basel#0340F2F5
0340F2F8;Arbedostrasse;2022-05-18T10:25:45+00:00;2023-09-14T06:33:41+00:00;47.5292727155162, 7.586438446829995;7.586438446829995;47.5292727155162;https://meteoblue.com/de/products/cityclimate/basel#0340F2F8
0340F2F9;Barcelona Strasse;2022-05-19T02:13:21+00:00;2023-10-03T03:57:50+00:00;47.53089, 7.60777;7.60777;47.53089;https://meteoblue.com/de/products/cityclimate/basel#0340F2F9
0340F2FA;New_Büro_19;2022-05-19T02:18:21+00:00;2023-04-26T15:23:00+00:00;47.0707, 15.4395;15.4395;47.0707;https://meteoblue.com/de/products/cityclimate/basel#0340F2FA
03A0B2C9;St. Johann (NBIoT);1999-12-31T23:00:00+00:00;2022-04-08T23:00:00+00:00;47.56588, 7.58206;7.58206;47.56588;https://meteoblue.com/de/products/cityclimate/basel#03A0B2C9
0020F940;Syngenta;2022-06-23T02:45:25+00:00;2023-10-03T09:00:01+00:00;47.566572, 7.60457;7.60457;47.566572;https://meteoblue.com/de/products/cityclimate/basel#0020F940
03200246;Binningen;2019-10-31T13:02:20+00:00;2023-10-03T09:10:10+00:00;47.5411, 7.58355;7.58355;47.5411;https://meteoblue.com/de/products/cityclimate/basel#03200246
03400156;Gleisbett (Mast 4);2019-10-07T05:42:14+00:00;2023-10-03T09:04:09+00:00;47.54355, 7.6033;7.6033;47.54355;https://meteoblue.com/de/products/cityclimate/basel#03400156
0340015E;Areal Wolf (Mast 8);2019-08-12T05:26:51+00:00;2023-10-03T08:55:27+00:00;47.54272, 7.61417;7.61417;47.54272;https://meteoblue.com/de/products/cityclimate/basel#0340015E
034001A3;Aeschenplatz;2020-04-22T13:58:18+00:00;2023-10-03T09:08:42+00:00;47.55119, 7.59498;7.59498;47.55119;https://meteoblue.com/de/products/cityclimate/basel#034001A3
034001A8;Kleinriehenstrasse;2020-04-22T14:48:03+00:00;2023-10-03T08:57:24+00:00;47.56673, 7.61365;7.61365;47.56673;https://meteoblue.com/de/products/cityclimate/basel#034001A8
034001AD;Areal Wolf (Mast 6);2019-08-15T05:18:51+00:00;2023-10-03T09:10:11+00:00;47.54431, 7.60302;7.60302;47.54431;https://meteoblue.com/de/products/cityclimate/basel#034001AD
034001B3;Areal Wolf (Mast 4);2019-08-13T12:21:26+00:00;2023-10-03T08:55:49+00:00;47.54352, 7.61214;7.61214;47.54352;https://meteoblue.com/de/products/cityclimate/basel#034001B3
03400394;Rankstrasse;2019-10-02T09:40:36+00:00;2023-10-03T08:56:59+00:00;47.56148, 7.61611;7.61611;47.56148;https://meteoblue.com/de/products/cityclimate/basel#03400394
03400396;Fabrikstrasse;2019-10-02T08:27:37+00:00;2023-10-02T18:07:15+00:00;47.54896, 7.54713;7.54713;47.54896;https://meteoblue.com/de/products/cityclimate/basel#03400396
03400398;Rue de Mulhouse;2019-10-02T08:33:19+00:00;2023-10-03T09:01:09+00:00;47.59543, 7.584535;7.584535;47.59543;https://meteoblue.com/de/products/cityclimate/basel#03400398
034003AC;Büro;2019-10-03T02:19:52+00:00;2022-10-22T15:01:47+00:00;0.0, 0.0;0.0;0.0;https://meteoblue.com/de/products/cityclimate/basel#034003AC
034003AF;Blotzheimerweg;2019-10-03T02:12:05+00:00;2023-10-03T09:04:35+00:00;47.56172, 7.5607;7.5607;47.56172;https://meteoblue.com/de/products/cityclimate/basel#034003AF
034003B0;Gotthelfstrasse;2019-10-03T02:28:06+00:00;2023-10-03T07:52:43+00:00;47.55282, 7.56913;7.56913;47.55282;https://meteoblue.com/de/products/cityclimate/basel#034003B0
034003B4;Büro;2019-10-03T02:33:28+00:00;2023-08-14T06:08:53+00:00;0.0, 0.0;0.0;0.0;https://meteoblue.com/de/products/cityclimate/basel#034003B4
03409962;Abgehängt;2020-03-18T05:10:48+00:00;2023-05-09T18:29:20+00:00;0.0, 0.0;0.0;0.0;https://meteoblue.com/de/products/cityclimate/basel#03409962
03409966;Kronenweg;2020-03-18T05:48:24+00:00;2023-05-06T20:46:46+00:00;47.53949, 7.57419;7.57419;47.53949;https://meteoblue.com/de/products/cityclimate/basel#03409966
0340996B;Changed Board;2020-03-18T06:15:59+00:00;2020-07-20T18:41:13+00:00;0.0, 0.0;0.0;0.0;https://meteoblue.com/de/products/cityclimate/basel#0340996B
0340996D;Rosenweg;2020-03-18T08:03:42+00:00;2023-10-03T08:58:18+00:00;47.47667, 7.62003;7.62003;47.47667;https://meteoblue.com/de/products/cityclimate/basel#0340996D
0340996E;Dorenbachstrasse;2020-03-18T08:09:41+00:00;2023-10-03T09:01:25+00:00;47.54426, 7.57394;7.57394;47.54426;https://meteoblue.com/de/products/cityclimate/basel#0340996E
03409970;Büro;2020-03-18T08:21:34+00:00;2022-07-19T08:13:13+00:00;0.0, 0.0;0.0;0.0;https://meteoblue.com/de/products/cityclimate/basel#03409970
03409972;Hasenrainstrasse;2020-03-18T09:07:49+00:00;2023-10-03T08:58:31+00:00;47.54391, 7.56751;7.56751;47.54391;https://meteoblue.com/de/products/cityclimate/basel#03409972
03409974;Hofstrasse;2020-03-16T04:51:47+00:00;2023-10-03T08:57:06+00:00;47.55773, 7.62675;7.62675;47.55773;https://meteoblue.com/de/products/cityclimate/basel#03409974
03409976;Friedrich-Miescher-Strasse;2020-03-16T05:22:26+00:00;2023-10-03T09:02:30+00:00;47.57182, 7.56166;7.56166;47.57182;https://meteoblue.com/de/products/cityclimate/basel#03409976
03409978;Salinenstrasse;2020-03-16T05:30:37+00:00;2023-10-03T08:53:07+00:00;47.54855359927797, 7.627210553407675;7.627210553407675;47.54855359927797;https://meteoblue.com/de/products/cityclimate/basel#03409978
0340997A;Sevogelstrasse;2020-03-16T05:40:03+00:00;2023-10-03T08:59:53+00:00;47.54891, 7.60123;7.60123;47.54891;https://meteoblue.com/de/products/cityclimate/basel#0340997A
0340997B;Kreefeld;2020-03-16T06:10:32+00:00;2022-03-29T19:45:37+00:00;0.0, 0.0;0.0;0.0;https://meteoblue.com/de/products/cityclimate/basel#0340997B
0340997C;Lehenmattstrasse;2020-03-16T06:19:52+00:00;2023-10-03T07:31:59+00:00;47.54845, 7.62052;7.62052;47.54845;https://meteoblue.com/de/products/cityclimate/basel#0340997C
03409982;Defekt;2020-03-16T06:32:52+00:00;2022-05-11T02:29:05+00:00;0.0, 0.0;0.0;0.0;https://meteoblue.com/de/products/cityclimate/basel#03409982
03409986;Büro;2020-03-16T08:36:15+00:00;2022-08-15T12:14:11+00:00;0.0, 0.0;0.0;0.0;https://meteoblue.com/de/products/cityclimate/basel#03409986
0340998A;Rheinstrasse;2020-03-16T11:42:39+00:00;2023-10-03T08:41:25+00:00;47.55743, 7.62065;7.62065;47.55743;https://meteoblue.com/de/products/cityclimate/basel#0340998A
0340998E;Grenzacherstrasse;2020-03-16T11:24:27+00:00;2023-10-03T08:50:01+00:00;47.56241, 7.62656;7.62656;47.56241;https://meteoblue.com/de/products/cityclimate/basel#0340998E
03409993;Rüdinstrasse;2020-03-17T04:42:39+00:00;2023-10-03T09:09:25+00:00;47.5713, 7.64038;7.64038;47.5713;https://meteoblue.com/de/products/cityclimate/basel#03409993
03409997;Schaffhauserrheinweg;2020-03-16T09:20:43+00:00;2023-10-03T08:56:24+00:00;47.55702, 7.60092;7.60092;47.55702;https://meteoblue.com/de/products/cityclimate/basel#03409997
0340999B;Hegenheimermattweg;2020-03-16T09:46:17+00:00;2023-10-03T09:08:50+00:00;47.562601, 7.55511;7.55511;47.562601;https://meteoblue.com/de/products/cityclimate/basel#0340999B
0340999D;Changed Board;2020-03-16T10:53:02+00:00;2020-11-01T00:11:08+00:00;47.53983, 0.0;0.0;47.53983;https://meteoblue.com/de/products/cityclimate/basel#0340999D
0340999F;Changed Board;2020-03-16T10:40:59+00:00;2020-04-24T12:41:08+00:00;50.0, 0.0;0.0;50.0;https://meteoblue.com/de/products/cityclimate/basel#0340999F
034099A1;Hauptstraße;2020-03-17T06:26:14+00:00;2023-10-03T08:46:54+00:00;47.60116986001431, 7.664894058982297;7.664894058982297;47.60116986001431;https://meteoblue.com/de/products/cityclimate/basel#034099A1
034099A5;Gundeldingerstrasse 3;2020-03-17T06:19:13+00:00;2023-10-03T09:05:04+00:00;47.54157, 7.58831;7.58831;47.54157;https://meteoblue.com/de/products/cityclimate/basel#034099A5
034099AC;Changed Board;2020-03-17T07:09:40+00:00;2020-08-04T10:38:14+00:00;0.0, 0.0;0.0;0.0;https://meteoblue.com/de/products/cityclimate/basel#034099AC
034099AF;Hirtenweg;2020-03-17T09:14:24+00:00;2023-10-03T08:54:18+00:00;47.56398, 7.63692;7.63692;47.56398;https://meteoblue.com/de/products/cityclimate/basel#034099AF
034099B2;In den Schorenmatten;2020-03-17T09:21:14+00:00;2023-10-03T08:41:52+00:00;47.57105, 7.60819;7.60819;47.57105;https://meteoblue.com/de/products/cityclimate/basel#034099B2
034099BB;Erlenmatt 3;2020-03-17T10:49:42+00:00;2023-10-03T09:03:11+00:00;47.56981, 7.60271;7.60271;47.56981;https://meteoblue.com/de/products/cityclimate/basel#034099BB
034099BC;Rheinpromenade 3;2020-03-18T10:44:27+00:00;2023-10-03T09:04:56+00:00;47.57367, 7.58341;7.58341;47.57367;https://meteoblue.com/de/products/cityclimate/basel#034099BC
034099BD;Bundesstrasse;2020-03-18T09:48:08+00:00;2023-10-03T09:06:16+00:00;47.55207, 7.57615;7.57615;47.55207;https://meteoblue.com/de/products/cityclimate/basel#034099BD
034099C3;Weidenstrasse;2020-03-18T11:12:36+00:00;2023-10-03T08:59:27+00:00;47.47859, 7.60749;7.60749;47.47859;https://meteoblue.com/de/products/cityclimate/basel#034099C3
034099C8;Büro - Defekt;2020-03-18T10:12:51+00:00;2022-09-05T11:19:30+00:00;0.0, 0.0;0.0;0.0;https://meteoblue.com/de/products/cityclimate/basel#034099C8
034099C9;Changed Board;2020-03-18T09:22:31+00:00;2021-04-08T08:36:57+00:00;0.0, 0.0;0.0;0.0;https://meteoblue.com/de/products/cityclimate/basel#034099C9
034099D6;St. Johanns-Ring;2020-03-18T09:39:36+00:00;2023-10-03T08:54:39+00:00;47.56208, 7.57414;7.57414;47.56208;https://meteoblue.com/de/products/cityclimate/basel#034099D6
03409FE9;Changed Board;2020-04-27T03:00:28+00:00;2020-08-08T21:22:33+00:00;0.0, 0.0;0.0;0.0;https://meteoblue.com/de/products/cityclimate/basel#03409FE9
03409FEA;Changed Board;2020-04-27T03:14:20+00:00;2020-07-26T09:57:40+00:00;0.0, 0.0;0.0;0.0;https://meteoblue.com/de/products/cityclimate/basel#03409FEA
03409FF2;Güterstrasse;2020-04-27T05:33:08+00:00;2023-10-03T09:05:41+00:00;47.54538, 7.58816;7.58816;47.54538;https://meteoblue.com/de/products/cityclimate/basel#03409FF2
03409FF6;Hochwaldstrasse;2020-04-27T06:15:40+00:00;2023-05-22T03:34:53+00:00;47.528890862611576, 7.601420397337802;7.601420397337802;47.528890862611576;https://meteoblue.com/de/products/cityclimate/basel#03409FF6
03409FFE;Changed Board;2020-04-27T07:45:54+00:00;2020-08-04T05:34:45+00:00;0.0, 0.0;0.0;0.0;https://meteoblue.com/de/products/cityclimate/basel#03409FFE
03409FFF;Büro;2020-04-27T07:59:50+00:00;2023-07-31T16:37:07+00:00;0.0, 0.0;0.0;0.0;https://meteoblue.com/de/products/cityclimate/basel#03409FFF
0340A004;Migrosstrasse;2020-04-27T08:45:23+00:00;2023-10-03T08:36:49+00:00;47.52634, 7.6096;7.6096;47.52634;https://meteoblue.com/de/products/cityclimate/basel#0340A004
0340A005;Schützenmattpark;2020-04-27T08:50:08+00:00;2023-10-03T09:03:41+00:00;47.55279, 7.57439;7.57439;47.55279;https://meteoblue.com/de/products/cityclimate/basel#0340A005
0340A00A;Gruthweg;2020-04-28T02:51:08+00:00;2023-09-05T20:06:08+00:00;47.51226, 7.62954;7.62954;47.51226;https://meteoblue.com/de/products/cityclimate/basel#0340A00A
0340A00D;Changed Board;2020-04-28T03:39:21+00:00;2020-10-30T16:16:04+00:00;47.51735, 0.0;0.0;47.51735;https://meteoblue.com/de/products/cityclimate/basel#0340A00D
0340A00E;Kannenfeldpark;2020-04-28T03:47:29+00:00;2023-10-02T21:49:06+00:00;47.56569, 7.56897;7.56897;47.56569;https://meteoblue.com/de/products/cityclimate/basel#0340A00E
0340A0D7;Gempenstrasse;2020-04-28T07:34:45+00:00;2023-10-03T09:06:26+00:00;47.54428, 7.58671;7.58671;47.54428;https://meteoblue.com/de/products/cityclimate/basel#0340A0D7
0340AD70;Bachmattenstrasse;2020-07-31T08:37:25+00:00;2023-10-03T07:57:56+00:00;47.54422, 7.56045;7.56045;47.54422;https://meteoblue.com/de/products/cityclimate/basel#0340AD70
0340AD71;Fasanenstrasse;2020-07-31T08:40:05+00:00;2023-10-03T08:53:18+00:00;47.57084, 7.61641;7.61641;47.57084;https://meteoblue.com/de/products/cityclimate/basel#0340AD71
0340AD72;Ingelsteinweg;2020-07-31T08:42:32+00:00;2023-10-03T08:41:54+00:00;47.53983, 7.59381;7.59381;47.53983;https://meteoblue.com/de/products/cityclimate/basel#0340AD72
0340AD73;Bahnhofsplatz;2020-07-31T08:44:56+00:00;2023-10-03T08:59:27+00:00;47.614, 7.664;7.664;47.614;https://meteoblue.com/de/products/cityclimate/basel#0340AD73
0340AD78;Spitzwaldstrasse;2020-07-31T08:57:07+00:00;2023-10-03T07:56:35+00:00;47.54837, 7.55364;7.55364;47.54837;https://meteoblue.com/de/products/cityclimate/basel#0340AD78
0340AD7F;Unterer Batterieweg;2020-07-31T09:41:04+00:00;2023-10-03T09:06:45+00:00;47.53910880411967, 7.585855160713213;7.585855160713213;47.53910880411967;https://meteoblue.com/de/products/cityclimate/basel#0340AD7F
0340AD81;Obertorweg 101;2020-07-31T09:45:57+00:00;2023-07-24T23:13:00+00:00;47.54928, 7.52312;7.52312;47.54928;https://meteoblue.com/de/products/cityclimate/basel#0340AD81
0340AD85;Birsstrasse (BL);2020-07-31T09:56:37+00:00;2023-08-18T01:24:11+00:00;47.53492, 7.62287;7.62287;47.53492;https://meteoblue.com/de/products/cityclimate/basel#0340AD85
0340AD8E;Am Wasserkraftwerk;2020-07-31T10:56:12+00:00;2023-10-03T08:19:33+00:00;47.54116176, 7.705843832;7.705843832;47.54116176;https://meteoblue.com/de/products/cityclimate/basel#0340AD8E
0340AD91;Kannenfeldstrasse;2020-07-31T11:02:59+00:00;2023-10-03T09:00:02+00:00;47.56601, 7.57315;7.57315;47.56601;https://meteoblue.com/de/products/cityclimate/basel#0340AD91
0340AD93;St. Johanntunnel;2020-07-31T11:06:51+00:00;2023-10-03T09:08:29+00:00;47.57066, 7.58095;7.58095;47.57066;https://meteoblue.com/de/products/cityclimate/basel#0340AD93
0340AD96;Michelbacherstrasse;2020-07-31T11:12:01+00:00;2023-10-03T08:15:58+00:00;47.56659, 7.56067;7.56067;47.56659;https://meteoblue.com/de/products/cityclimate/basel#0340AD96
0340AD97;Höhenstrasse;2020-07-31T11:13:40+00:00;2023-09-28T09:34:59+00:00;47.572, 7.65299;7.65299;47.572;https://meteoblue.com/de/products/cityclimate/basel#0340AD97
0340AD98;Gempenstrasse;2020-07-31T11:44:28+00:00;2023-09-29T14:43:25+00:00;47.52096, 7.68611;7.68611;47.52096;https://meteoblue.com/de/products/cityclimate/basel#0340AD98
0340AD99;Grenzstrasse Mauer Mast;2020-07-31T11:46:12+00:00;2023-10-03T08:56:10+00:00;47.58789, 7.596889;7.596889;47.58789;https://meteoblue.com/de/products/cityclimate/basel#0340AD99
0340AD9A;General Guisan-Strasse;2020-07-31T11:48:04+00:00;2023-10-03T08:49:36+00:00;47.54866, 7.5593;7.5593;47.54866;https://meteoblue.com/de/products/cityclimate/basel#0340AD9A
0340AD9B;Chrischonastraße;2020-07-31T11:49:57+00:00;2023-10-03T09:04:54+00:00;47.6049342913, 7.6716433861;7.6716433861;47.6049342913;https://meteoblue.com/de/products/cityclimate/basel#0340AD9B
0340ADA0;Bahnhof SBB Süd;2020-07-31T12:06:57+00:00;2023-10-03T09:05:21+00:00;47.54584, 7.58885;7.58885;47.54584;https://meteoblue.com/de/products/cityclimate/basel#0340ADA0
0340D1EA;Rottmannsbodenstrasse;2021-06-10T02:22:19+00:00;2023-10-03T08:42:08+00:00;47.53992, 7.56005;7.56005;47.53992;https://meteoblue.com/de/products/cityclimate/basel#0340D1EA
0340D1F2;Bruderholzstrasse;2021-06-09T09:45:55+00:00;2023-10-03T08:55:59+00:00;47.52499, 7.60216;7.60216;47.52499;https://meteoblue.com/de/products/cityclimate/basel#0340D1F2
0340D1F6;11;2021-06-10T02:17:55+00:00;2022-10-05T23:11:38+00:00;47.36665578371438, 8.56179898428918;8.56179898428918;47.36665578371438;https://meteoblue.com/de/products/cityclimate/basel#0340D1F6
0340D1F7;Hornrain;2021-06-09T10:23:52+00:00;2023-10-03T08:12:27+00:00;47.55586417, 7.64760453;7.64760453;47.55586417;https://meteoblue.com/de/products/cityclimate/basel#0340D1F7
0340D1F9;Ofenstrasse;2021-06-09T10:00:53+00:00;2023-10-03T08:05:37+00:00;47.54332, 7.54676;7.54676;47.54332;https://meteoblue.com/de/products/cityclimate/basel#0340D1F9
0340D1FD;Muttenzerstrasse;2021-06-10T02:15:42+00:00;2023-10-03T09:06:32+00:00;47.54494, 7.6267;7.6267;47.54494;https://meteoblue.com/de/products/cityclimate/basel#0340D1FD
0340F2EA;Kantstrasse;2022-05-18T08:33:22+00:00;2023-04-19T03:01:30+00:00;47.55199167, 7.6799486;7.6799486;47.55199167;https://meteoblue.com/de/products/cityclimate/basel#0340F2EA
0340F2ED;Burgunderstrasse;2022-05-18T09:25:59+00:00;2023-10-03T09:02:02+00:00;47.55328, 7.57956;7.57956;47.55328;https://meteoblue.com/de/products/cityclimate/basel#0340F2ED
0340F2EF;Dreirosenbrücke;2022-05-18T09:37:49+00:00;2023-10-03T08:56:53+00:00;47.5708030291399, 7.585160728836051;7.585160728836051;47.5708030291399;https://meteoblue.com/de/products/cityclimate/basel#0340F2EF
0340F2F3;Büro_New_4;2022-05-18T09:59:09+00:00;2022-06-29T03:05:57+00:00;47.0707, 15.4395;15.4395;47.0707;https://meteoblue.com/de/products/cityclimate/basel#0340F2F3
0340F2FB;Barfüsserplatz;2022-05-19T02:24:13+00:00;2023-08-24T17:08:08+00:00;47.55483, 7.58883;7.58883;47.55483;https://meteoblue.com/de/products/cityclimate/basel#0340F2FB
04D0FE67;Petersplatz;1999-12-31T23:00:00+00:00;2023-10-03T09:00:00+00:00;47.5588, 7.58278;7.58278;47.5588;https://meteoblue.com/de/products/cityclimate/basel#04D0FE67
